_id,Tech ID,First Name,Last Name,Department,Username,Password,Hashed Password
64a588e82367c5737db0aac6,609544,Charles,Roberts,Engineering and Technology,tford,BgNGe@un*6,$2b$12$xRsRssSVA51YIlBfULWyYuou.L.75dcHeOLj0AkNI8iwFhk7.uBBS
64a588e82367c5737db0aac7,365779,Brandon,Glover,Engineering and Technology,kwallace,u2JF9ZJb!M,$2b$12$iUC51xsx3I3JENbvqqqy3.s/1x4MbPF.tReDXYYIUNY36WQVzZYAq
64a588e82367c5737db0aac8,667843,Rachel,Coleman,Automation,gomezchristopher,l83Q7kJPZ_,$2b$12$tCThlNK0pCdzICp919TOw.T6oE6LrwdRERljzQqxxk2VsHhxJKTaK
64a588e92367c5737db0aac9,433932,Pamela,Bryan,Automation,cynthia40,O9EAlaaC$a,$2b$12$oiccD.lejm3F2L/4Vahwv.r/x9sH7JzonfUNRUZ6PimQM1rRxJ3/2
64a588e92367c5737db0aaca,830003,Michael,Powell,Automation,ffrank,+6EdSmUEj1,$2b$12$aLAXbfJxqJ8B85nPgPCVSerHYC7aneOUsAzgIHpbaeZJWtCY7l88m
64a588e92367c5737db0aacb,680545,Andrew,Rivera,Engineering and Technology,rsmith,JoJ*10Gexu,$2b$12$47V/Ij3NiPZYBJzyK957SeZRZJeDlO.ooRvEE7ckNT/1LtK3fIr3.
64a588e92367c5737db0aacc,124904,Alfred,Davis,Automation,rebeccarichardson,lZ&D@Mfy(3,$2b$12$a7pUABFPSsDcjxPkfx/X4OGQsnDfAHLFVHLhgR61V6Mbee3hcmrW2
64a588e92367c5737db0aacd,647643,Donald,Jones,Engineering and Technology,ellenpayne,ub%t8I@j^@,$2b$12$IuI3zhLIQHayDMsMPWMUTuCGw7m4N9hsDqIQMUg1lu1GLrBZmCyg.
64a588ea2367c5737db0aace,755735,Ashley,Smith,Warehouse,bbates,sh@0@4Vgyd,$2b$12$DSMT6CjPHLYAmZUYwhMj0.E0xvwvxB24qdz3..8hacR6DxoaRPWm6
64a588ea2367c5737db0aacf,216517,Krystal,Watson,IT,robertrowland,$#XnzsFYE3,$2b$12$1XDbTHpcVHU3hJ/wO0MqqOENZEiRujv.BCiE74j9WtAsq.xiQfipy
64a588ea2367c5737db0aad0,312024,Tammy,Moore,Automation,roger24,kW4*&2Vio#,$2b$12$nT9NzQG3SCKF4Fp8A6kRpOUzOReRilhSDTJ4e9QYrjQJYaUwYhiI6
64a588ea2367c5737db0aad1,482628,Derek,Moran,IT,campbelljason,WD9GUCeT^2,$2b$12$NFrMLAqOUdrqjkEzM9LTk.hQwOhVckAnCdXwG5ADHZkqDlLsscg2K
64a588ea2367c5737db0aad2,848081,Sara,Dougherty,Automation,juanirwin,%n0YIP_t8(,$2b$12$akKnqQNydY1CEfH5pH9/vOPUfsIPxGGOYv2Xcu6fRHUufNyFfLIqS
64a588eb2367c5737db0aad3,194125,Katherine,Novak,IT,perryanthony,pA(9CjM5Bh,$2b$12$7KfyXx3N7W36t2SC2sb/b.zROQnWb3Z2Dq7HzHwNJ8OyvqSKK5hIa
64a588eb2367c5737db0aad4,311867,Joel,Cobb,IT,mthornton,75nVuxru&A,$2b$12$jcoL0XjqEoTsKT33BoKao.cbDr47ba8ExGsDgHC4J1VifZmAurVXG
64a588eb2367c5737db0aad5,245856,Joseph,Bryant,Automation,kaustin,Ym5EwfO7!n,$2b$12$0j5aTZ1psLhHWGz0FVj.XOpBIl4WmiWdcEPXMRTZTO/W0iuOCC6kC
64a588eb2367c5737db0aad6,243108,Miguel,Black,Automation,ashley05,^c0IsbwtOC,$2b$12$1WgTlYLOPGxBqCtnmhgDDe6O2Y0L15IOlIJJegPucqnssORa1yYzW
64a588eb2367c5737db0aad7,633260,Sean,Sosa,Automation,katherine59,t_%M7M(vCW,$2b$12$xdCOeT22Mq3EyOT.6zH1x.XNuxE2EEhyalVbF1W9U0qKTyRD7LoCe
64a588ec2367c5737db0aad8,396786,Gabriel,Summers,Automation,hubbardstacy,&VQ)t@U4g1,$2b$12$l8SAWjKRIA1pekZMnOuwwOwDKtbbSDp2F64l93r6kQ5l7/xN2U/8e
64a588ec2367c5737db0aad9,265073,Erika,Barajas,IT,kochdeanna,l(Blw_S!&0,$2b$12$8VkQ6QWr4weYu2X27YZ3COHnrWbKAF4P8DIfqd47mQvg9JQ4dnKz.
64a588ec2367c5737db0aada,266742,Taylor,Gibson,Engineering and Technology,glopez,+1I8BhuoW3,$2b$12$7ATuCe12tIVNvyxXGZtUpu4a2BMQ5s7ukAEkkuszHp1ubyl2WhcqS
64a588ec2367c5737db0aadb,939758,Jacob,Dunn,Engineering and Technology,thomas42,(jeR4PlvDb,$2b$12$CbhfPQI3meuvx27pO/DftOfPArzJZsHajx5YFve3QbZ2rwAt5jkEe
64a588ec2367c5737db0aadc,454339,Leslie,Johnson,Warehouse,sharon22,+1)ZKtXq(+,$2b$12$w61QIuSEURzNiEuqwJjJwuzNMP6.x5mGBOdRG9qQpue1mPptKDP3i
64a588ed2367c5737db0aadd,159299,Mark,Hutchinson,Automation,danielprice,ga6ZLim2%X,$2b$12$kCYlY0oyqTt64bRE17JUe.LcLiyE6i9o00vfCAGG7vn/eGq1nisO.
64a588ed2367c5737db0aade,371421,Julia,Sandoval,Automation,denise72,TvF5Bed5C^,$2b$12$JLkaAr5xqE0xvQCIQgxVUOYI7wOjejtxXbFBssALcwtHIYQ4XptP6
64a588ed2367c5737db0aadf,735935,David,Snyder,Warehouse,matthewsadriana,%0Fsl7XZ6@,$2b$12$Eomj3Bkb04tI0tcpPbygvecs1aanA9Y6dzAvqk2rIDZ7P3eTr8VlC
64a588ed2367c5737db0aae0,599498,Christopher,Thompson,Automation,zellis,U&2wITmdrr,$2b$12$R/ULbGwPfR3GCpYczPXdAOoIzcMg/VMm5od4Ddthtz9sbG82U7JTe
64a588ed2367c5737db0aae1,772366,Fernando,Carey,Warehouse,john95,@dwqFagw60,$2b$12$6E3WwNAXeUAh3XPlPOz.GeFoDrhOLpTg4ZAOhuP50E5IoxGKoJO5u
64a588ee2367c5737db0aae2,254685,David,Suarez,Automation,davidwilson,@h6PiUgpDH,$2b$12$6nJYl6gXdSJZB8/Uifw8Muxblme8B9fb9XlxGxWwKma1qBD5S6IJ2
64a588ee2367c5737db0aae3,799237,Brandon,Brown,Engineering and Technology,brownapril,gOVnfIwm!2,$2b$12$0cCCKHuLdDd5Y4NUUzGVg.Lnt0JLgcCKN2Yp65I7ASjJ3RN0qAMve
64a588ee2367c5737db0aae4,510335,Christopher,Pierce,IT,millercaitlin,Z2M0#rt@*$,$2b$12$59IxchTBwaqtxvYm4VRxpe/LHkDJEscPCcVMvbI6z4oOkOjbTfKVm
64a588ee2367c5737db0aae5,761920,Dawn,Gonzales,Warehouse,hburns,M9KaUEsC^9,$2b$12$tqjZhm/M08HIUaPzVa1UbeDyJG1qQnO6rDc38dIqdhuRxJ4/gYJ8O
64a588ee2367c5737db0aae6,673936,Rodney,Mitchell,IT,rachelmurray,!@2GllXYkC,$2b$12$.qrI3ZAKX51xq8diu/IkRuQAcbe5xVQVL.gAK5uYu7rlUMWLGWeUa
64a588ee2367c5737db0aae7,914693,Anthony,Davenport,Warehouse,arogers,sgkM1gQz*2,$2b$12$lX8sx.IKVhjQLmd5YBwVjuIESp05noLmUh3M6XxKYJs6kEfoj7SZy
64a588ef2367c5737db0aae8,346033,Perry,Guerra,Warehouse,waltersdawn,3dB*vQJs&A,$2b$12$amYDkLmcldJ3LCwGrM95juPFfWKJpD8/yEoQR4PTCmCrns2hvbCea
64a588ef2367c5737db0aae9,589175,Kristina,Robinson,Automation,kprice,!#3Iru2@M6,$2b$12$7BKPvNd2atJOwECYO6BGbOyeu65KALaFBvwFqCbPK6.wUcOprlmbi
64a588ef2367c5737db0aaea,307180,Sara,Delgado,Engineering and Technology,richard29,^EaZIssJn5,$2b$12$qr2xAjy7qoFClzHV7DJ5ZO0VQslt8KUsEL4fw3UwqFy03CycpdzK2
64a588ef2367c5737db0aaeb,781279,Teresa,Lee,Automation,joseph43,#88qxRvA9s,$2b$12$/8Lsb6kyduXw6XVOilbjr.WOGYFskTN7Gn8tVlHsqi6NGlGrTo2Ve
64a588ef2367c5737db0aaec,614290,Jennifer,Montes,Automation,jeremy06,s*k1Urtux&,$2b$12$ZNtvFhGXzK3IgL1t80167.2PaHl5KXxJ8QEWE9FQmWVsxL1locpnu
64a588f02367c5737db0aaed,431483,Dana,Williams,Warehouse,kevin85,58Ujx2@o*N,$2b$12$C6KXP4jAGQOWBzGrTab37esEG9suKsf2/Fs0rI4ghpHER64sUpLgS
64a588f02367c5737db0aaee,336175,Mark,Jackson,Warehouse,navarroallison,)kX6aOPy(!,$2b$12$6tQol/kJ6sJjIk.Qd1lz7OHXHqRtItjkzJ2q7flyIREfWYWHgfS4C
64a588f02367c5737db0aaef,926434,Christine,Graham,Automation,blakeheather,g09OeSzS!V,$2b$12$IwHRSuHoO0HAsqSq8qEhS.4gf55hgMMxkCUx6NDXgoOP8k7ljP/Tq
64a588f02367c5737db0aaf0,254553,Jason,Malone,Engineering and Technology,gregorybryant,N4TsC%Tg_*,$2b$12$IW7q5Q8y2DJ753.tgNsLYOfkOovqnP9LECu.Kgt8WuE/Ikl/tkX46
64a588f02367c5737db0aaf1,991926,Kathy,Austin,IT,gomezmason,)^LX8fWnry,$2b$12$GVhSqWJR.bjSg/UnrSDutu2xv20SIMezgPjWPvjdZLdyj4grJcJ.e
64a588f12367c5737db0aaf2,817614,Jeffrey,Friedman,IT,kyle78,l_xU3HBh5s,$2b$12$YQ69zOFQUOfcfq6hjwafz.TKWzhK2t3QLeNmt7mV2/46GpoG46lLu
64a588f12367c5737db0aaf3,832559,Peter,Serrano,IT,matthewsivan,*1RN(_sP1V,$2b$12$lKwb3Vru76ADkHkJTbwo7OeRmJXZntIE/U/3XhEQ7D3DAuatKpArS
64a588f12367c5737db0aaf4,656627,Brian,Rivera,Automation,usmith,(h$TfcgeW3,$2b$12$a9ubPY9Bk1zeWfrepyeMleymaASa91z0ou6aeXaff32sYBeowavFm
64a588f12367c5737db0aaf5,571284,David,Smith,Engineering and Technology,erikcampos,6P!U7Bnp^b,$2b$12$yhJvUH3WyDA4BEqxupJl6e9pi4qgk7od.3IkiTqqOTf3m1/YcSc62
64a588f12367c5737db0aaf6,847056,Ashley,Harrell,Warehouse,sandra76,%x*5tjXlqD,$2b$12$pAqaUmdTQgKbe7uVS8OejOLLbvSc6PLRovN/71mJOvkV.36F4zmy6
64a588f22367c5737db0aaf7,685475,Michelle,Simmons,Warehouse,robert33,baLhNyEA@5,$2b$12$KfDd.nQVwNstjA64KErJI.hlNFvQ6QTeP.I/mXNM4RuEERtOf0Dr.
64a588f22367c5737db0aaf8,351070,Karen,Sims,IT,stephanie24,cg0DyMhPi),$2b$12$l/al3oWDPyHHYHCULKF2BOnLjAz6oKSGpiGPsHH9H79JR70BiDRVu
64a588f22367c5737db0aaf9,638128,Katie,Medina,IT,ohernandez,+HRgDKoZ#3,$2b$12$z9BVyblgSQ8rRs8MexQOuu.zHKWd8JK0uihMnQroHGvK5ng1kZNIi
64a588f22367c5737db0aafa,380719,Madeline,Brown,Warehouse,zcohen,&d8oUOw_g*,$2b$12$qwMEdLN6LzmQrI/u4J5KDuDbmAt3Lr2smKnAb6S/FCJEOXisoxC7q
64a588f22367c5737db0aafb,878498,Joseph,Clark,Engineering and Technology,lorihernandez,ajvEGi4y&2,$2b$12$Y.AzjP7cAGZvVtpmCKgK4eZJhEXcXXkPluLGUjKM5ILi8FhcoYwNW
64a588f22367c5737db0aafc,755631,Jacqueline,Newton,Engineering and Technology,ngordon,(z0FXD0tza,$2b$12$OCNYmAHQZJZqSDJyHNDL1.jhDq/r3jIPRFfgz/0myJtdcp/7vcLZe
64a588f32367c5737db0aafd,665289,Joshua,Gonzalez,Engineering and Technology,wilsonmason,7(t9TifZ*b,$2b$12$6BC7P7VCpSpyLxpqrH8HI.wWBg8wBWCyup8nkeHk7Y5q84F9XRHu.
64a588f32367c5737db0aafe,732064,Lee,Johnson,Warehouse,samuel45,bM8A8kPA*D,$2b$12$J96vnAdtbvYYLkz.saTCC.uOsYeYzlTXFfiSYsOgS0ki65aPFKCZy
64a588f32367c5737db0aaff,632809,James,Martinez,Automation,brodriguez,@3#WBn9JT&,$2b$12$aBwQMeknaH.j6gHeBYKwc.sTpfotoD77WsjxMk.kkLNZ1EIn3Q/Ie
64a588f32367c5737db0ab00,678158,Jennifer,Johnson,Warehouse,denisemyers,C7uoA4Bc*d,$2b$12$1kPeyHdKgHjNTl77ADfrD.OokEGfY4rKo6IFLBDZ2MBGhj9iCIira
64a588f32367c5737db0ab01,590997,Timothy,Mahoney,Warehouse,icruz,+1iGP(Df_9,$2b$12$Y2DzecG8XRTTJFKQ4wh9AO/KoMvW4zRWRm0e8TQfPWVGbN9S1hjBK
64a588f42367c5737db0ab02,762598,Miguel,White,IT,elizabethjones,&71agP1se^,$2b$12$SLeKu2YPiiJZIavIfu6oTOnF/OEoD0e//eJqeKfqcUHfPAEuTq3Fm
64a588f42367c5737db0ab03,375355,Michael,Martin,Engineering and Technology,richardpeterson,k#0Z5A(1kb,$2b$12$6OYlqM1M.PHVHFSudpaOpuIYkwm.CySR9wvfX3mAf8qCOw3A.jAh6
64a588f42367c5737db0ab04,141820,Mason,Parsons,Warehouse,austinadams,Fjt3MylQ^s,$2b$12$sfHB3u.I5hKXkzCAgoEtLus8WN.xWagHl3JT4btG9ydd7NsIQxBeC
64a588f42367c5737db0ab05,108871,Jason,Salinas,Warehouse,nelsonchristopher,^RCeVm4B7M,$2b$12$KDwyBb2H/rwaMbNTaWhv7.BM.GJrGh97d6iK7XKNoZ3LW1bsJNnJa
64a588f42367c5737db0ab06,130358,Mariah,Ellis,Automation,nrobinson,*$7KnYOhj5,$2b$12$Phb6f.JpCXU84WGWZ2S.Tu6gWRmCqywCv4cOls0T5YeToMHQfNdTq
64a588f52367c5737db0ab07,350366,Joseph,King,Automation,xleonard,(w8SOip!&n,$2b$12$r8qYM90lD8Y49PGGNbPeOuPQPQQ06b0OBuRSIFijb79ij4SQ8vZfO
64a588f52367c5737db0ab08,809620,Philip,Boyd,Warehouse,lindseycarlson,@e503Pgs2p,$2b$12$WsgXC1mLYhEwSKCgxUmxfeMOP1W1HwGehOSiPWSM8euFWoD3NSpzm
64a588f52367c5737db0ab09,219176,Christian,Brown,Automation,ritterstephen,DAS^r6KwTy,$2b$12$TA2SMebY0hdj.OOu8XcVeOzsq0fgWNcOEBv637RXagjMKrozUNFCa
64a588f52367c5737db0ab0a,371651,Jesse,Jackson,Engineering and Technology,fsanford,T8Vd*uEo#Q,$2b$12$lfi4GT8e8BdoNbyoPj52f.SjWXXrNAl2p/iAcLTg/qMNSgRy6xafe
64a588f52367c5737db0ab0b,831248,Jennifer,Gillespie,Engineering and Technology,zcunningham,(X9E3Ut+*@,$2b$12$YWWtswRahVy1W0dnYYoDp.TTjkWQsvrHKrGu03lO30RjjqH/.1ARG
64a588f62367c5737db0ab0c,799896,Sally,Chang,Engineering and Technology,thompsonrobin,F$68oViQzi,$2b$12$oZfDHP3WFI3KTFg2UrNMoOk8ZiaGF6sO2jSxrwy1WhqAwvdDjLR2O
64a588f62367c5737db0ab0d,161367,Melinda,Rivera,Warehouse,amy82,#s2FZjtY^5,$2b$12$HSWmaSXBMSSzFc2mkzJC3.lXc2/R26WaapkfvJc4hbD5xp/UOcj2C
64a588f62367c5737db0ab0e,534868,Tiffany,Hardy,Warehouse,stephenmoss,06&f9+Ly9&,$2b$12$uWU5pGwYDn3aiuO7SaH95.URiGkKVU62w.f0pK/m1lPmKFZjvh91u
64a588f62367c5737db0ab0f,964211,Tiffany,Schmidt,Warehouse,davidcarpenter,)wz#Lkki@7,$2b$12$4iUhcCMf76R2l2L8F1fZruMed6wAo7Vo0XD.nwfRQgKH7UBUynM8C
64a588f62367c5737db0ab10,477528,Matthew,Ruiz,Warehouse,joshuaellis,MluQoH)*^4,$2b$12$Lmhd8Ge8lEIGRjpyCYnWaeJrJLMSdJw6yDFl3vG0qVvJu2CO2L0My
64a588f62367c5737db0ab11,530932,Ivan,Moreno,Warehouse,kbennett,b7EHWWgZ^O,$2b$12$DVZET5tYuHUwKb5ymwJzkO1TKsy4ofST5sN1Qq/qkXSajKikKAXey
64a588f72367c5737db0ab12,935729,Amy,Mendoza,Engineering and Technology,linda69,)UKXkf!c91,$2b$12$Jhs9g4qwpM.0wPaZdfzyXOd3ae/ZZpiIIwQQYeFth/dF/E12e6ACS
64a588f72367c5737db0ab13,764630,James,Gilbert,Warehouse,cassandra99,c0!f4Ay8)M,$2b$12$AVJqadVJOIW9E8bgTMg8xuOPN8gp0A5dS10LBwOBAK1GyrAnSLh7a
64a588f72367c5737db0ab14,827887,Samantha,Valenzuela,Warehouse,lori11,XTAzmf4k_0,$2b$12$k5cqcEdFisRH6/W3zZ9HR.1ywoA7uB93bn4/eVtsu.YlrZS3EIcHy
64a588f72367c5737db0ab15,963752,Allison,Stevenson,Warehouse,lindseyscott,*4x&CxxsDI,$2b$12$TbY7ecsn8g0xq3Pi3T07quoON9C6txhht5AqjouVMLD5ijpBDRw.K
64a588f72367c5737db0ab16,298339,Jason,Harris,Automation,zhall,D(DH)4Fn#%,$2b$12$K/fDZoJpMiWve3UMTVZQJuajSdKxuMASjmpUaRZr7NYjkOmbbrbea
64a588f82367c5737db0ab17,288890,Gavin,Myers,Automation,ahogan,_NxW1Tlat5,$2b$12$UujkyaWE.kyLWom7OoK5iOINZbNVq.DrS8wWNstK9ay49QHhvJqTK
64a588f82367c5737db0ab18,307004,Jonathan,Decker,Engineering and Technology,pcarroll,y09IqREXJ+,$2b$12$GXjiIDCskEmKdmPJlLU23OdEsqaRWsPW0uEz8T5DGYGlyShb3KW/q
64a588f82367c5737db0ab19,930306,Judy,Blair,IT,morenolori,huQa2LKh!+,$2b$12$4IKrgQwHuMXbpaiSHfQA/e0LROccmrGXTEuXisUhzhSeNWDn.UhHa
64a588f82367c5737db0ab1a,991325,Erica,Gonzalez,Engineering and Technology,christina05,)3SPDo1^s6,$2b$12$bAhUZ9TO97AIiO.fiAMx/utrAJ/w5BQX3ND40ipUbrcyB8aPDhfhK
64a588f82367c5737db0ab1b,267478,Misty,Parker,Automation,xherman,7(#0#Xu(W#,$2b$12$ks91ykiYJh2BsG71q4HELerF5EuW4vQRZa4iRmrs.tMGKXGkytjBO
64a588f92367c5737db0ab1c,456821,Carolyn,Wagner,Warehouse,tayloralec,b(3JoHq2Ig,$2b$12$aKsOZe9qVtZxiaL5Of7KiODTybR/xMx37rFT4nxyWqsSlI7yL68mm
64a588f92367c5737db0ab1d,223535,Robin,Johnson,Engineering and Technology,richard84,Y*3RnY!Rh),$2b$12$BRgf/5A270jr1mOOrfPXKe9IzQHj0/JA3ecV1S0z1satEkPy/UJ3C
64a588f92367c5737db0ab1e,282839,Michelle,Cobb,IT,zhicks,$S&0pJFa%9,$2b$12$zvbfE46WBZo/eLmpVQEIUewJYTih4lQGJ7KU6sPbtw6YHWVf9W6zK
64a588f92367c5737db0ab1f,135803,Patricia,Garcia,Automation,johnpruitt,^9a!CE2G#l,$2b$12$M2scF1O0IRowIOatzuAsH.ibYlYYJx.ZMMlo4kgkbM.D10VFlWCQi
64a588f92367c5737db0ab20,429024,Julian,Singh,IT,margaretsimmons,%Jh7O4xa&S,$2b$12$swQAm.RqtigDgo2q6yZo7uUqxEJUIUv9848yJVskaoGxiMVyQiba6
64a588f92367c5737db0ab21,961906,Teresa,Patterson,IT,bailey76,@S2^#jCedZ,$2b$12$OSw.xXNt/Ch.8MI1KpWHbOfL1zFE3muYa7rKcvHez8AtZBTPHlv8.
64a588fa2367c5737db0ab22,270255,Zachary,West,Engineering and Technology,travis98,K#_m(vD7@p,$2b$12$LzJAQ0NEZDSMKtVXKedgCe6go7Ndi/UUmmL7ogHnjevcJ.9jrkKgK
64a588fa2367c5737db0ab23,335777,Aaron,Kennedy,Automation,richardleon,*s0U7bitS&,$2b$12$2xM/cl.rswc.qt9MksYJpu.RJ89nVxOoVGt3SRFNdGObEFp.Cjel2
64a588fa2367c5737db0ab24,761414,Michele,Mendez,IT,qtyler,_^3YVONmOF,$2b$12$E/AmTQgYpon4f60mFxZPXelyWYjG5u9qhlW.c6YSDJuUIvCdM01Fa
64a588fa2367c5737db0ab25,387158,Nathan,Yu,IT,ericcamacho,!k39OlGjpa,$2b$12$JjtSHC/7z.Mq/nX2rlPMjugFP/0kPnQmTLdxdy7.ariJpAo2/YDfO
64a588fa2367c5737db0ab26,496284,Brent,Sweeney,IT,adamsmark,*i1SZ9Jrx0,$2b$12$MamB.LKKAgwCAoRmWToU6.xzQ5ARHblTRLjsQhIHLDasGkk6edvvG
64a588fb2367c5737db0ab27,123601,Nathan,Villa,Automation,briangomez,Uxjvgkne^0,$2b$12$is/ExHHU86TJ3mF.SpxxfeWNsYU3mTYJ7DSPVMzaCwevDJTWSXdGa
64a588fb2367c5737db0ab28,741704,Mark,Crosby,Warehouse,james19,&4fzHessg2,$2b$12$rpHcJj4AQ7kz.huF5b2seeSpknAsaowCoANRd.qzDlR7sa2aD9Yva
64a588fb2367c5737db0ab29,157662,Curtis,Cummings,IT,melissa37,W%n1FXNLjw,$2b$12$VOTHCQKzZrSa5JvvlYWINu.UVgEgB2fwUNAc5oLQsO/.BfoRFBe16
64a58b06c7aa48cc2eaf6ed0,680950,Brenda,Santiago,IT,katrina35,*GylnfKvy4,$2b$12$Vp.VrIsVulCUhdAVth7gmeb43TZgHg3uH.BLkMAd3sS/z3GaY6Ft.
64a58b07c7aa48cc2eaf6ed1,295006,Joshua,Meyer,IT,brownmadeline,($2GE3PrEC,$2b$12$7dFoDozqr0t1C4122i8C1eIC0Xsu6ZErnOni61mYs4Oz49I3P8IbG
64a58b07c7aa48cc2eaf6ed2,437359,James,Lopez,Automation,ashley38,ma2h$UvF*),$2b$12$lJSq7JH8no0LvuGHbEOQVu2bza5KBiEYu0xRlsyt6iMZL7dR9JyTu
64a58b07c7aa48cc2eaf6ed3,554926,Richard,Underwood,Warehouse,oevans,7@P1_OYbR!,$2b$12$0ZDFBEqJq1Kv0ihioX2GCukVq.y/Zbhrw3anOjApoEqCJG7iO1LX6
64a58b07c7aa48cc2eaf6ed4,195367,Richard,Cortez,Automation,hturner,CG$3qVoi@a,$2b$12$aZ/1P3WmDgOqxIX7FIjwEO7IF9CzQUcQKrsfxftR/vEIejiCezm/C
64a58b07c7aa48cc2eaf6ed5,388578,Cory,Middleton,Warehouse,timothyking,+bR^P#bsN0,$2b$12$Y9Kf2m1zXlOdUkJ1FHjfsuRDIoVNJ8dUPyG7fg/OEmTOO1A98JT3q
64a58b08c7aa48cc2eaf6ed6,279698,Lisa,Miller,Automation,christine45,Qhag4ImwY*,$2b$12$wZBslBuJQNvS0bPmu339D.Fzfhb.eXKZHzU9L9l6nuuBiM27w./Xm
64a58b08c7aa48cc2eaf6ed7,435686,Brianna,Garrett,Engineering and Technology,raymond63,Q0vS!nhY)F,$2b$12$yQ4Fa6/cOG9tDskhVS2.yOTZmfmR9QbMyzrBDhbqvNeYVDw0fH9/K
64a58b08c7aa48cc2eaf6ed8,669157,Brian,Johnson,Automation,claytonsmith,v%LY6iDtUq,$2b$12$5D1coEjpnmtoMmb0jJGU/eX1GiUkxg9eAIV9yMdVaX/fH2QyDWG7m
64a58b08c7aa48cc2eaf6ed9,653280,Elizabeth,Ruiz,IT,moralestamara,I(qVhizT@0,$2b$12$vbgVeMmNdb.pteIXqdmI/uyjrMT/dyk6s8rNXK3j9nzE2fx3mdu4G
64a58b08c7aa48cc2eaf6eda,671133,Nathan,Houston,Automation,dustin92,*5e&QrCgs1,$2b$12$3Zqd.Id23.C6o0.9.PXTc.Z8w4t/ifMhmth5wp6IXFrgYYhXoz5Hy
64a58b08c7aa48cc2eaf6edb,573755,Jeffery,Schwartz,Warehouse,nmedina,$3PBsVUeqN,$2b$12$PECAWyRJ3cG/qNT74y9JUeG4uqyYN9Z.6CFt3xFiGvr8jdU0trwCe
64a58b09c7aa48cc2eaf6edc,220847,James,Robinson,IT,christopher94,L!!6GdH98x,$2b$12$SI6Er4oUhwg0WVFfodobS.OzAmh6UUjo8i8iWy25S2cOFc2hifzyO
64a58b09c7aa48cc2eaf6edd,336616,Scott,Wells,IT,piercedonna,_S8!IGyolE,$2b$12$SOLiIy9rd6c4ZC.lyjteD.WsK7y1Sv8YVvC6yMdFUMxXQKBzH9z2O
64a58b09c7aa48cc2eaf6ede,968688,Janice,Wheeler,Engineering and Technology,rperry,()NJj0alu6,$2b$12$q1EvQRWRVgkUlN9lG7dmaeTh3zoyIskKoRFm7B/56zvbr0JbJaihS
64a58b09c7aa48cc2eaf6edf,454646,Mark,Hall,Automation,matthewskaitlyn,&x8K2ZDd4m,$2b$12$arAinwORRTrjRDgoNzMK5uZRqRW67brxYXglaypU/pUN.KI9lj6g.
64a58b09c7aa48cc2eaf6ee0,934038,Angela,Hendrix,Engineering and Technology,trandominique,9wRSXVa#!1,$2b$12$n.ckW5oD4YW3Q51Lrvft5.XBeOwYDrTsZC.GCbA5Qgx53nLazX8au
64a58b0ac7aa48cc2eaf6ee1,689531,Troy,Townsend,Engineering and Technology,zpeterson,^!2I(Qy5a^,$2b$12$3JPexZ2Npoy1xr.s.VEKR.NpbtYudwdT7AotI69sgy3CQD4DGsFka
64a58b0ac7aa48cc2eaf6ee2,183080,Holly,Hays,Automation,ddaugherty,u_dd9QaY_7,$2b$12$pnDhW7ps91bjqNjCJDtd5OJgOwjWTqzIOP/cLHk5z9RfK4b2P/1gC
64a58b0ac7aa48cc2eaf6ee3,289478,Patricia,Ellis,Warehouse,marybaker,Sw_A6Ou&jW,$2b$12$hJ7MyIQztn2FE/RoL3INPOLJjvGSJ3u2bKsx22Ba6uLzI0ih4.75a
64a58b0ac7aa48cc2eaf6ee4,563317,Donald,Diaz,Engineering and Technology,stephensosa,_m0TTzo0!h,$2b$12$3tpUoEycYQRUiAkaPeAL9eltGu/ib8h8pv6bh8u5Lvo6y5iyZO1S6
64a58b0ac7aa48cc2eaf6ee5,406994,Robert,Chavez,Automation,fbarton,)2+Utou)HS,$2b$12$Cob26c2Pb8fBX61GrSmGru5lE8HBRW4jI85w88B3BOldYIv7KG9AS
64a58b0ac7aa48cc2eaf6ee6,661770,Shane,Chavez,Automation,danielgreen,&y)2UFzFdD,$2b$12$7expUKjOZI75BHeh3U75KOOrXF8fCph2s5ti.tXf0NMJarka/py7q
64a58b0bc7aa48cc2eaf6ee7,758710,Nicholas,Saunders,Automation,richard80,j^i*7FSsN@,$2b$12$JjyOVpTFSqBhNTWvL8foDug.mfAM7GXYvupAyHFxiDnjD1E5fjMAu
64a58b0bc7aa48cc2eaf6ee8,827264,Alexandria,Robertson,Engineering and Technology,zwarner,OES3C2ub*t,$2b$12$gtegovwvzis3LGNWUqAsKOoHZW92fwoCl92LIP4adEkNuB4CKOMPu
64a58b0bc7aa48cc2eaf6ee9,430538,Jeffrey,Mcmahon,Warehouse,acarpenter,2mZ99Rot*z,$2b$12$ghZ1ktO.N9UtqC24UuOXSuQy12/Y82oJVXA9cRFSXjJII/knXNgWe
64a58b0bc7aa48cc2eaf6eea,999900,Dustin,Young,Engineering and Technology,amber93,E!6H4$eS!Y,$2b$12$I3vrO6XJKsYtWgKwPbYwM.cEJ48iUJLmsXBZ49vJuXakhMZjvkdGK
64a58b0bc7aa48cc2eaf6eeb,984519,Catherine,Bird,Engineering and Technology,vasquezkimberly,3njBP^pt&^,$2b$12$U3W3QZ486LxetxzGADt6iuBTUw1zZDWh9J8QhWo8r2QZVLXi1ukmC
64a58b0bc7aa48cc2eaf6eec,595683,Heidi,Adams,Engineering and Technology,walshmark,7INFXkdY)0,$2b$12$HQxEI52j8QMlT7GcDW6EH.pHmJwq7UNEvN2yKjDEq/QTAfWIu9wky
64a58b0cc7aa48cc2eaf6eed,138909,Joseph,Bean,Automation,dalesmith,wONuCn_7&8,$2b$12$4uqYXsReS4CSS3d1w1cFIe/aqGKVSNwc/E28V.kvraWuK/YO4MHr.
64a58b0cc7aa48cc2eaf6eee,614619,Michael,Baker,IT,ostephens,P8KoX!Bm&Y,$2b$12$/wq4SSyAWo6t7JIOIqga2.dWSGiopfI/XxTsiUUAsDscFZ2zrmF7m
64a58b0cc7aa48cc2eaf6eef,343625,Jeremy,Mitchell,IT,jesseellis,_6)2J^yq7J,$2b$12$g6.aNk1vzhYL57u/jbCqyOgSdcza4.PSkZOr1bKeuMHv4PNcy2RKu
64a58b0cc7aa48cc2eaf6ef0,447237,Candice,Pierce,Warehouse,tylerholland,l@(4H7Wr(*,$2b$12$0E49dYPJ4kb3jSGPFXRKieeUnZ6z/3Vq5ls1gg6pAm4rVs85kr4Xm
64a58b0cc7aa48cc2eaf6ef1,338308,Ryan,Rasmussen,Engineering and Technology,priceelijah,12Vf7Myi_e,$2b$12$biI6qEm6TSu2OfZfLpQ6aOvfcu9nQLkuRUNvIA87mlyU7GtsB/lda
64a58b0dc7aa48cc2eaf6ef2,507235,Troy,Mcdaniel,Warehouse,bjackson,%whJEupC4$,$2b$12$v3DUfQCigIWSNVfX3GYqwuSEFIOGS4w3O5QinGQPsgmEBxL0bRBFW
64a58b0dc7aa48cc2eaf6ef3,917684,Martha,Russell,Automation,boydsheila,&$ITG^n@H8,$2b$12$br3bN3zf6vIoPVf3lF62nOw4.UBhhnJf1syW9YjQP28wfJMhVPVTa
64a58b0dc7aa48cc2eaf6ef4,582731,Calvin,Murphy,Automation,michaellopez,G#%2sKv4^H,$2b$12$7f6OLahsy4T2UhpcHQ9qQ.hTJo1xCOS98vUQ0B/RH5J3QcOwNaxEG
64a58b0dc7aa48cc2eaf6ef5,463984,Angela,Jackson,IT,stanley72,55QwxuDC(D,$2b$12$obQ.imtG7mvkDptA1gTxyuO9E0ttN1.Dl/Ec3mataUl94fcC25RUi
64a58b0dc7aa48cc2eaf6ef6,210413,Carlos,Thompson,IT,charlessherri,(MM@zG@s93,$2b$12$fkH6guEAr2XFF5be2NaALOqv/AH1uBiSfTC0nASCZIUlOv.tt31gS
64a58b0dc7aa48cc2eaf6ef7,175172,Megan,Marshall,Engineering and Technology,danielramirez,@U3cEdQjJn,$2b$12$06xylg/wSWoSorzWph7MLO/bFRJwr95vkbauS7RzK7k71xH5/7.xa
64a58b0ec7aa48cc2eaf6ef8,911639,Amy,Boyer,Automation,fcole,^6H1WBjcA1,$2b$12$vIE9yADDQ/EbJ8FdFyRg5ONZmqf5uxcjZurF5.BhV42BJ7aBb.lFq
64a58b0ec7aa48cc2eaf6ef9,555422,Reginald,Owens,Warehouse,cooketony,6u0i56Ab(#,$2b$12$QI/ZfwNRMJn6BRI.VlVzCO.o/5itxPT4xA80bmNgNml546H47nmP6
64a58b0ec7aa48cc2eaf6efa,457679,John,Lewis,IT,mcclurerobyn,^hzJuQcu4B,$2b$12$vgsdBuCTUxGrxcyisqsqPuIfeXOIa.CvG5FFJBVxKpTy1Wn/.e.v6
64a58b0ec7aa48cc2eaf6efb,475766,Amanda,Wood,Automation,michael90,y2YQGulE_9,$2b$12$Ymw7BmH3vBRNOEBRONbJuuUcGqYGdHH5FBAgOrGbSW8etwIoUAWea
64a58b0ec7aa48cc2eaf6efc,852035,Adam,Perez,Automation,fletcherjulie,nF90fDca&Y,$2b$12$pcQfFtvel4DGShZI5.w6eujnAoV/ocd9sHM9Ms7VgY1lvS8XJToBG
64a58b0fc7aa48cc2eaf6efd,915624,Christina,Mcintyre,IT,benitezjohn,4lT#1EJab#,$2b$12$oipA7OE5xqPKQOV8D0kGv.vnXFPERi4ooFOFVfyR0ZY.Eo.HQfVVC
64a58b0fc7aa48cc2eaf6efe,672503,Jacob,Powers,Engineering and Technology,fhopkins,gB4RGyQc&6,$2b$12$A3ljIGRds.waNtICdvsMauMTMBdZ0WDKRhf7dZMwIr1GCT38qC3je
64a58b0fc7aa48cc2eaf6eff,711472,Victoria,Jackson,Warehouse,mitchellgonzalez,+X9wA7Rf^B,$2b$12$fb9MsR8GY.MAiG8iqVLDXuJ1rXWdDsk9RKVjlecQHi3NXO.kZLXeq
64a58b0fc7aa48cc2eaf6f00,515311,Douglas,Flores,Warehouse,hmayer,63nBSGbj*1,$2b$12$LsclS20GQ3WYabS7UnMIaujNbVfCLXdX/DvGXwedWXcMaKL0TuDtC
64a58b0fc7aa48cc2eaf6f01,906670,James,Webb,IT,dgonzalez,6@5gQNdG#8,$2b$12$kkANMoTjXUDkM67aDg0UwOydN0gPOkgqYkDIR5xupiF7BYSMCylNK
64a58b0fc7aa48cc2eaf6f02,922657,Elizabeth,Rodriguez,Automation,stokespaul,x@sG8Be9f$,$2b$12$xK7xst4PzJuLCe4evia./uI6L2AMMA9Iz8xLTKCv.MZ.oRXQ8li/a
64a58b10c7aa48cc2eaf6f03,498545,Robert,Gonzales,Automation,heathersullivan,i#vJZ#j++7,$2b$12$6DeDgAfycXsMBmo5.9OZaOUtRoG9BlzP4Bp0DAkY1IdnaKZVkv9ai
64a58b10c7aa48cc2eaf6f04,604701,Jennifer,Schmidt,Engineering and Technology,osimpson,#*Y#O(^t&2,$2b$12$MRvTpT/yuklM0ULM/yqc8.kSt4x.qwiGk4rDi1umdkmI0QvM6I.ZS
64a58b10c7aa48cc2eaf6f05,436012,Benjamin,Wilson,Automation,tayloralan,+r76CYj28q,$2b$12$N671DxZoz2Z/kMvsGajJcOOCLHiTFrk1Fa7H8Hx9qTRui9bIaSuEa
64a58b10c7aa48cc2eaf6f06,162850,Russell,Marks,IT,chansen,a^x@G0Mwy_,$2b$12$uEtZwkQmGcD3PeiKvdWRDOX40s644NkyuGk8crit3EKixiP/urc6G
64a58b10c7aa48cc2eaf6f07,690420,Arthur,Brown,IT,herreraadam,N!2OlFEi0%,$2b$12$jMl6K2gJU32zjngr7Ozia.HZ4sxSClaD32oKNRwFg142I.WfOF.6K
64a58b11c7aa48cc2eaf6f08,885711,Mario,Johnson,Automation,wagneralan,7Y!Ql5BM@o,$2b$12$ZYnzh1Cxzct9PGLvLaLuTeOSBOfRDyaQVn39/jfT.dVoMmuVqoJxO
64a58b11c7aa48cc2eaf6f09,190360,Megan,Flynn,Warehouse,foxzachary,+3V$J_vDxj,$2b$12$8KC1PIlkfm5XNGzqr7gI.elQz2lpmlIjjrIrm.sEqAi8OCbcsvxWu
64a58b11c7aa48cc2eaf6f0a,383133,Christopher,Ibarra,Engineering and Technology,jjohnson,vZBky4im1@,$2b$12$L5dPhzctBeTXZW8n7rrh1.MnRKS12KQPYeXdqGt/9RDQCNFgiw0ki
64a58b11c7aa48cc2eaf6f0b,549146,Timothy,Johnson,IT,michael21,Li2c+6PlsU,$2b$12$Xy44.8f90lpSca2zpJVac.0ZXO9Fp7ESYjeUd0uJB0DftyqBxzLxi
64a58b11c7aa48cc2eaf6f0c,969816,Scott,Long,Warehouse,russojessica,NX$0pC@gSK,$2b$12$cNRg4Qwbxlht09tRwInJSOZWUrNW.m1quu0Zq6J6EDWWFsJiVeDda
64a58b11c7aa48cc2eaf6f0d,617302,Crystal,Decker,Automation,smccarthy,T!1F4PMnYr,$2b$12$4fwE52jEDO02mUgehTGCaueIZ7OwtFQK/9OkMPgKq8vaazwXBfrAu
64a58b12c7aa48cc2eaf6f0e,193869,Joshua,Wilkerson,Automation,watkinsgregory,)a1XOeq*+I,$2b$12$z8Lbrkw1bcqj61O5.zKc3.qP1bzLfTFBmWP9tYi52BLSWFd58vrOS
64a58b12c7aa48cc2eaf6f0f,887822,Brittany,Jones,Automation,janet32,FI68^Hj&R@,$2b$12$s8nh/RDQdzEpb6YbGGP/5uOE9k.JlcaWU2OnBhBcyKhZ7yfPE2wiC
64a58b12c7aa48cc2eaf6f10,886004,Diane,George,Warehouse,alexandershepherd,5V8V#jDda(,$2b$12$jXLGSGoN/rZ4reelzyqt0OfSR.A1O1B/60HNAcXww5KMupo.29jHK
64a58b12c7aa48cc2eaf6f11,308029,Patrick,Roberts,Engineering and Technology,patrick60,@LIJ9cp105,$2b$12$pfeelntImxfEq541mCZ7O.0vwI8ZePJEaqEhjfSvI70KyqK3qeYqa
64a58b12c7aa48cc2eaf6f12,844610,Jennifer,Sutton,Automation,jonesangela,NmG0QT5kZ^,$2b$12$Jf5eOIwiFTAHjh1WdW92a.LKfi.Wsdgqrq9WihB4K.uxf/61ECuGC
64a58b12c7aa48cc2eaf6f13,140641,Kristina,Buck,Automation,joshua15,#o8mFatg0g,$2b$12$c6r2bjRk4NGU4ECL80EqceTeX0DjnIwnMvCPITbW3VtVf9kAhXziS
64a58b13c7aa48cc2eaf6f14,824555,Robert,Valentine,Automation,masseydavid,#blQgAPgd9,$2b$12$bVVRhXOM0O0Tp8sdFc1GZe5McwhwQM88K5M14lamDp2qhTre/Opt.
64a58b13c7aa48cc2eaf6f15,250746,Marcus,Mejia,Automation,daniel38,KFnRd1(uX),$2b$12$wR6qOeN5pSg0n3z6RaiDu.wWJvzf0eduNC7qPRjivFQ5SZlNb9z8.
64a58b13c7aa48cc2eaf6f16,161036,Pamela,Brennan,Engineering and Technology,steven83,hpW3ByOoh%,$2b$12$qFqE5bJAvpO0Boz22gM2wukXXyz838dO6nFGjWpUQXKPFbW1Yplmi
64a58b13c7aa48cc2eaf6f17,304193,Mario,Ortiz,Engineering and Technology,thomasmatthew,+6JM(GfsjL,$2b$12$koOnbJZ3h.5sCaRtT9/7KuGOcxScmaoL6FKQLHQnYHU2qPNtmGW02
64a58b13c7aa48cc2eaf6f18,888355,Adam,Patterson,IT,brendaramirez,&0jF^XQl)n,$2b$12$2ybmrRStRTGzDXH4cuRySOz/R/IDjS9XhvVIUDZVqTfg3Wz5XpqNO
64a58b14c7aa48cc2eaf6f19,881395,Michael,Brown,Automation,yarnold,_k5IpcHmqD,$2b$12$zQdYGzUjomRsHtRV0.5MfOKDNnqW6RyUJParvUNdO1wVkKkD5dyt2
64a58b14c7aa48cc2eaf6f1a,153533,Jason,Carpenter,IT,baileywilliam,^@y2Ioic1@,$2b$12$KPQlt1tT7vvpZqja5wFC9./MDABEiuYyf9I0urSSDFJHHpcQAar3K
64a58b14c7aa48cc2eaf6f1b,686370,John,Martin,Warehouse,jonesryan,^@7J7ZrQo$,$2b$12$CawHgaSlbgYUykMdzGgGn.z8vhg5AFqXwgsw3ZZLOO32G22iEFlKS
64a58b14c7aa48cc2eaf6f1c,696147,Christine,Robles,IT,bromero,^3EQkvrmV8,$2b$12$Op8V5z29DbYAeEcQmG34le37dBUgjLRRrmjVmnYJVhwJNg7VZLGw2
64a58b14c7aa48cc2eaf6f1d,533497,Carol,Mcfarland,Automation,mirandapatricia,5b&0EChM&8,$2b$12$c78TXUqL.GvY4Id2fJkIeurlQpg46WjVIaLcjnKlt4lZXJEQD7vya
64a58b14c7aa48cc2eaf6f1e,803010,John,Hamilton,Engineering and Technology,steven33,WzFqzKTe$7,$2b$12$E0x/ActXMiG3KZCo/hfU4uMHa3jGfOEq3OWxtKe8snC9kGA5WY42.
64a58b15c7aa48cc2eaf6f1f,128608,Lori,Taylor,Automation,wparsons,!ER82!Ty@7,$2b$12$W1Coi0gJoycpHaGCg/V.9OPw8Mc4i.TIcxKz13YbEY6buuHS5cXbC
64a58b15c7aa48cc2eaf6f20,202734,Jennifer,Conley,Warehouse,briannaberry,$13gyhcs)G,$2b$12$F3CPl5tev8EWNfpDCZm9AuIlTeTMRlCTPd/TLM0ayl6pBHBcIvoly
64a58b15c7aa48cc2eaf6f21,474845,Gary,Jackson,Automation,gregorygates,8LsTL8fjX^,$2b$12$2rhERI9/jYUP2orK8A8uYeN8sf5X8vaTMdUhg6DSaOUdti5ejRdqK
64a58b15c7aa48cc2eaf6f22,922808,Kendra,Jones,Warehouse,hodgesrebecca,Zu+1Z(iaDX,$2b$12$ATxx/bWEMrvXb4O4CUbokeyL64fLK0gQT0iwXR9pBA1Y4DqbzeRNW
64a58b15c7aa48cc2eaf6f23,274186,Kevin,Neal,Automation,samuel64,h55BOUbi&o,$2b$12$YSG3c5rPCvgAf0e0QzwtLuv8OIR5HLE5ngsrgA1p2pIfGDpyO1V12
64a58b16c7aa48cc2eaf6f24,698444,Jessica,Stevens,Engineering and Technology,odudley,$L4!FGmOg7,$2b$12$4oltDPWWeYqAdsVC2lpWf.cLoUDDs3O9q84.y1fcTw8wQOuPjEGo6
64a58b16c7aa48cc2eaf6f25,433780,Lauren,Duke,IT,nmorales,^#aOIn0a31,$2b$12$dPujuC5hEbxAreD1/I4JNe51sEsxT2Kql9V7HBEBfAaKb2azvQNkK
64a58b16c7aa48cc2eaf6f26,785520,Rebekah,Murphy,Automation,lmurray,mnO%9X0xnh,$2b$12$bl9hbH3ASqINIbjYI2Mi7eI5EpEEdqc.at/oLiy8Fc2j59Wg4wbzy
64a58b16c7aa48cc2eaf6f27,310219,Lori,Gamble,Engineering and Technology,gjenkins,_UCkEnzi2M,$2b$12$pzyLiK4eDOGOW8R5Q12QZurhL8nmSToFYDAFCMaI934xLNKDd.Q2.
64a58b16c7aa48cc2eaf6f28,406574,Matthew,Mckenzie,Engineering and Technology,patricia38,LI7Zhxf!&J,$2b$12$jpzwfk8j49biZbn7VSn31O4S5DXhbpySKBIRcHGHClZ6CmNfpctx2
64a58b16c7aa48cc2eaf6f29,765555,Jeffrey,Dawson,Warehouse,bruiz,o953urSx(l,$2b$12$EyqDfqJlt68ChtJQo9/vAOK15GDZXI7vL5cveNSJ6BxZBgklj786q
64a58b17c7aa48cc2eaf6f2a,771133,Michele,Valencia,IT,davidjames,wvJU^CaU+4,$2b$12$m.GmuioSvA6D17oNgsTbCuPKqBk8G7oJcAJ4sivx0mtcYpG.oXN4u
64a58b17c7aa48cc2eaf6f2b,100500,David,Kidd,IT,thoward,A*8SnW!yyZ,$2b$12$U3fbYLYfnxdO5NKR27yoZe45quotwNvWB5RMj.gTUTaQJamCHqoRC
64a58b17c7aa48cc2eaf6f2c,899174,Andrew,Shea,Engineering and Technology,mary03,*J1KnJHFdV,$2b$12$v7gWPzV2uQFpznf8eXmG9O4oPe5Vk3FYoEt876L.FtZOv..pyuTt6
64a58b17c7aa48cc2eaf6f2d,419286,Jose,Sanford,Automation,james47,D3^E00%u(r,$2b$12$4b1KESZPJzgWZUL.728mR.9J8n/uZyqNQiiz0edgsjK9NNMVIbKSO
64a58b17c7aa48cc2eaf6f2e,444735,Kelsey,Johnson,Automation,carol32,jB20T%sud+,$2b$12$zqQwAqpQKiduIAIfxcy7OOouJMouBxaU8zKVsvBRdaLC/mYnHMRMG
64a58b18c7aa48cc2eaf6f2f,543999,Michael,Wong,Engineering and Technology,karina90,QP_T2OvR3I,$2b$12$1ycj4ZSXSWqw.H6/.X1ZvOcOgVf33.7Ad12w1amFcoLYFXrq5vMsq
64a58b18c7aa48cc2eaf6f30,284319,Stanley,West,Warehouse,rebeccacasey,90C)c2dv(s,$2b$12$Yka/Z45IxdPrVzqMeJHWGO9Y6wFLffyXGALkX8xGTD40bW0jUCB6S
64a58b18c7aa48cc2eaf6f31,936437,Nicholas,Hawkins,Engineering and Technology,schwartzeric,3#%k4Mcus4,$2b$12$dVHYVwjGmrcL12zoYGTh.utZhKn9jenON57MuLux3gEPCxFE.Gaju
64a58b18c7aa48cc2eaf6f32,490053,Stacy,Wilson,Warehouse,laurieromero,TK7P5%Vb(E,$2b$12$uVvja7UxSkeGhBWPX1ZnNO6z.KaGO272SDo9hcKHicHNXdA.uBpny
64a58b18c7aa48cc2eaf6f33,471857,Gregory,Freeman,Automation,reynoldssarah,bIK^4Zoq+Z,$2b$12$DDtC.3iAuILHPtydAsj8i.cwIkz26hHdHESRcVTCOUgsg7fKzX.pm
